title,company,location,link
Tableau Developer (Entry/Junior),Remedy Analytics,"Milwaukee, WI",https://stackoverflow.com/jobs/313120
PHP Programmer,Crow’s Nest,"Kolkata, India",https://stackoverflow.com/jobs/326994
"Senior Software Engineer (Web, Engineering, 3D Graphics, 3D Modelling)",TWI Hellas,"Athens, Greece",https://stackoverflow.com/jobs/390264
"Sr Engineer, Software",T-Mobile,"Bellevue, WA",https://stackoverflow.com/jobs/386486
Utvikler,Storebrand,"Lysaker, Norway",https://stackoverflow.com/jobs/388320
フルスタックエンジニア,WHILL株式会社,"Chiyoda City, Japan",https://stackoverflow.com/jobs/379790
フロントエンドエンジニア,ビットバンク株式会社,"Shinagawa City, Japan",https://stackoverflow.com/jobs/334225
DevOps Engineer (m/w/d),Mimacom,"Stuttgart, Germany",https://stackoverflow.com/jobs/372989
Mid-Level Java Developer,AeroParker,"Stockport, UK",https://stackoverflow.com/jobs/388248
QA Leader,ビットバンク株式会社,"Shinagawa City, Japan",https://stackoverflow.com/jobs/338827
サーバーサイドエンジニア,ビットバンク株式会社,"Shinagawa City, Japan",https://stackoverflow.com/jobs/332267
AWSエンジニア,ビットバンク株式会社,"Shinagawa City, Japan",https://stackoverflow.com/jobs/328240
SRE,ビットバンク株式会社,"Shinagawa City, Japan",https://stackoverflow.com/jobs/334234
Senior PHP Programmer,Navigators Software,"Kolkata, India",https://stackoverflow.com/jobs/379562
PHP Developer,Cedcoss,,https://stackoverflow.com/jobs/388980
Php Developer,PIXIBIT,"Kolkata, India",https://stackoverflow.com/jobs/377875
PHP Developer,Triumph Solutions(IN),,https://stackoverflow.com/jobs/389492
PHP Developer,Win Webtech,"Kolkata, India",https://stackoverflow.com/jobs/326954
PHP Developer,Nextsavy Technologies,,https://stackoverflow.com/jobs/389141
PHP Developer,Elphill Technology,"Kolkata, India",https://stackoverflow.com/jobs/326931
PHP Developer,CodeAchi Technologies,"Kolkata, India",https://stackoverflow.com/jobs/383060
php developer,Immersev,"Kolkata, India",https://stackoverflow.com/jobs/326903
PHP Developer,Dreamsdesign,,https://stackoverflow.com/jobs/389146
SENIOR PHP DEVELOPER,Bics Global,,https://stackoverflow.com/jobs/389490
PHP Web Developer,JR Technologies,"Kolkata, India",https://stackoverflow.com/jobs/326979
